SupplierName,Material
BuildPro Supplies,Bricks
BuildPro Supplies,Cement
BuildPro Supplies,Concrete
BuildPro Supplies,Steel
Global Glass Co,Glass Panels
Oceanic Materials,Concrete
Oceanic Materials,Rebar
Pacific Materials,Concrete
Pacific Materials,Tiles
Southern Concrete,Concrete
SteelWorks Inc,Concrete
SteelWorks Inc,Glass Panels
SteelWorks Inc,Steel Beams
